stat;isActor;mean;std
averageRating;False;6.592772239263804;0.7068866074509017
averageRating;True;6.5887665669089355;0.7202230929625766
numVotes;False;178309.44849182005;137168.8099531652
numVotes;True;169205.55565056292;140904.1427781015
